<?xml version="1.0" encoding="UTF-8"?><idempiere Name="AD_Menu" Version="1.0.0" idempiereVersion="8.1.0.qualifier" DataBaseVersion="2020-11-03" Description="" Author="SuperUser" AuthorEmail="superuser @ idempiere.com" CreatedDate="Sun Nov 22 12:56:29 CET 2020" UpdatedDate="Sun Nov 22 12:56:29 CET 2020" PackOutVersion="100" UpdateDictionary="true" Client="0-SYSTEM-System" AD_Client_UU="11237b53-9592-4af1-b3c5-afd216514b5d">
    <AD_Menu type="table">
        <Parent_ID reference="id">457</Parent_ID>
        <SeqNo>17</SeqNo>
        <AD_Menu_ID>419</AD_Menu_ID>
        <AD_Client_ID>0</AD_Client_ID>
        <AD_Org_ID>0</AD_Org_ID>
        <AD_Menu_ID>419</AD_Menu_ID>
        <Name>POS</Name>
        <Description>Point Of Sales Terminal</Description>
        <Action>X</Action>
        <AD_Window_ID reference="id"/>
        <AD_Workflow_ID reference="id"/>
        <AD_Task_ID reference="id"/>
        <AD_Org_ID reference="id">0</AD_Org_ID>
        <IsActive>Y</IsActive>
        <IsSummary>N</IsSummary>
        <AD_Process_ID reference="id"/>
        <IsSOTrx>N</IsSOTrx>
        <AD_Form_ID reference="id">113</AD_Form_ID>
        <IsReadOnly>N</IsReadOnly>
        <EntityType>D</EntityType>
        <IsCentrallyMaintained>Y</IsCentrallyMaintained>
        <AD_Menu_UU>91d4ee16-70fa-4b46-8561-9ad4dff1726d</AD_Menu_UU>
        <AD_InfoWindow_ID reference="id"/>
        <AD_Menu_Trl type="translation">
            <Description>Terminal de Punto de Venta</Description>
            <Name>Punto de Venta</Name>
            <AD_Language>es_CO</AD_Language>
            <IsActive>Y</IsActive>
            <IsTranslated>Y</IsTranslated>
        </AD_Menu_Trl>
        <AD_Form type="table">
            <AD_Form_ID>113</AD_Form_ID>
            <AD_Client_ID>0</AD_Client_ID>
            <AD_Org_ID>0</AD_Org_ID>
            <AD_Form_ID>113</AD_Form_ID>
            <AD_Org_ID reference="id">0</AD_Org_ID>
            <IsActive>Y</IsActive>
            <Name>POS</Name>
            <Description>Point Of Sales Terminal</Description>
            <Help>Enter Transactions via a POS Terminal.  Automatically, scans or credit card swipes are recongized.</Help>
            <Classname>org.compiere.pos.PosPanel</Classname>
            <AccessLevel>1</AccessLevel>
            <EntityType>D</EntityType>
            <IsBetaFunctionality>Y</IsBetaFunctionality>
            <JSPURL/>
            <AD_Form_UU>500d2c6e-c97d-4109-94ca-bde3c1453c4b</AD_Form_UU>
            <AD_CtxHelp_ID reference="id"/>
            <AD_Form_Trl type="translation">
                <Description>Terminal de Punto de Venta</Description>
                <Help>Ingresar transacciones a través de una terminal de punto de venta. Automáticamente, tarjetas de crédito son reconocidas.</Help>
                <Name>Punto de Venta</Name>
                <AD_Language>es_CO</AD_Language>
                <IsActive>Y</IsActive>
                <IsTranslated>Y</IsTranslated>
            </AD_Form_Trl>
        </AD_Form>
    </AD_Menu>
</idempiere>
